{
  "dual_killed": 1,
  "max_hyp": 500000,
  "moduli": [
    9,
    25,
    49,
    121,
    169,
    289,
    361,
    529,
    841,
    961,
    1369,
    1681,
    2209,
    2809
  ],
  "moduli_name": "standard",
  "multi_n_elapsed_s": 19.831330874934793,
  "multi_n_pair_count": 54414,
  "primary_killed": 1113,
  "safe_sieve_killed": 53300,
  "sieve_elapsed_s": 0.007075625006109476,
  "survivor_count": 0,
  "survivors": []
}
