{
  "dual_killed": 0,
  "max_hyp": 20000,
  "moduli": [
    9,
    25,
    49,
    121,
    169,
    289,
    361,
    529,
    841,
    961,
    1369,
    1681,
    2209,
    2809
  ],
  "moduli_name": "standard",
  "multi_n_elapsed_s": 0.38190499995835125,
  "multi_n_pair_count": 1848,
  "primary_killed": 54,
  "safe_sieve_killed": 1794,
  "sieve_elapsed_s": 0.0008657500147819519,
  "survivor_count": 0,
  "survivors": []
}
