{
  "dual_killed": 16,
  "max_hyp": 2000000,
  "moduli": [
    9,
    25,
    49,
    121,
    169,
    289,
    361,
    529,
    841,
    961,
    1369,
    1681,
    2209,
    2809
  ],
  "moduli_name": "standard",
  "multi_n_elapsed_s": 424.6642095829593,
  "multi_n_pair_count": 226120,
  "primary_killed": 3182,
  "safe_sieve_killed": 222922,
  "sieve_elapsed_s": 0.07044012495316565,
  "survivor_count": 0,
  "survivors": []
}
